CREATE TABLE "mendixsso$foreignidentity" (
	"id" BIGINT NOT NULL,
	"createddate" TIMESTAMP NULL,
	"uuid" VARCHAR_IGNORECASE(200) NULL,
	PRIMARY KEY("id"),
	CONSTRAINT "uniq_mendixsso$foreignidentity_uuid" UNIQUE ("uuid"));
CREATE INDEX "idx_mendixsso$foreignidentity_uuid_asc" ON "mendixsso$foreignidentity" ("uuid" ASC,"id" ASC);
INSERT INTO "mendixsystem$entity" ("id", 
"entity_name", 
"table_name")
 VALUES ('fc7df4b5-f72f-4a0f-9b76-724c285b6bd1', 
'MendixSSO.ForeignIdentity', 
'mendixsso$foreignidentity');
INSERT INTO "mendixsystem$attribute" ("id", 
"entity_id", 
"attribute_name", 
"column_name", 
"type", 
"length", 
"default_value", 
"is_auto_number")
 VALUES ('0a6ec990-55eb-3a61-a8cc-e0f8e7166421', 
'fc7df4b5-f72f-4a0f-9b76-724c285b6bd1', 
'createdDate', 
'createddate', 
20, 
0, 
'', 
false);
INSERT INTO "mendixsystem$attribute" ("id", 
"entity_id", 
"attribute_name", 
"column_name", 
"type", 
"length", 
"default_value", 
"is_auto_number")
 VALUES ('f14e7946-04fe-44a9-ba69-11ae605f69ce', 
'fc7df4b5-f72f-4a0f-9b76-724c285b6bd1', 
'UUID', 
'uuid', 
30, 
200, 
'', 
false);
INSERT INTO "mendixsystem$index" ("id", 
"table_id", 
"index_name")
 VALUES ('a62c7e64-eb77-4acd-9b22-fdf52bf5632a', 
'fc7df4b5-f72f-4a0f-9b76-724c285b6bd1', 
'idx_mendixsso$foreignidentity_uuid_asc');
INSERT INTO "mendixsystem$index_column" ("index_id", 
"column_id", 
"sort_order", 
"ordinal")
 VALUES ('a62c7e64-eb77-4acd-9b22-fdf52bf5632a', 
'f14e7946-04fe-44a9-ba69-11ae605f69ce', 
false, 
0);
INSERT INTO "mendixsystem$unique_constraint" ("name", 
"table_id", 
"column_id")
 VALUES ('uniq_mendixsso$foreignidentity_uuid', 
'fc7df4b5-f72f-4a0f-9b76-724c285b6bd1', 
'f14e7946-04fe-44a9-ba69-11ae605f69ce');
CREATE TABLE "mendixsso$foreignidentity_user" (
	"mendixsso$foreignidentityid" BIGINT NOT NULL,
	"system$userid" BIGINT NOT NULL,
	PRIMARY KEY("mendixsso$foreignidentityid","system$userid"),
	CONSTRAINT "uniq_mendixsso$foreignidentity_user_mendixsso$foreignidentityid" UNIQUE ("mendixsso$foreignidentityid"));
CREATE INDEX "idx_mendixsso$foreignidentity_user_system$user_mendixsso$foreignidentity" ON "mendixsso$foreignidentity_user" ("system$userid" ASC,"mendixsso$foreignidentityid" ASC);
INSERT INTO "mendixsystem$association" ("id", 
"association_name", 
"table_name", 
"parent_entity_id", 
"child_entity_id", 
"parent_column_name", 
"child_column_name", 
"index_name")
 VALUES ('565e429c-bf44-4aa4-82bc-c9cd3ffaabc6', 
'MendixSSO.ForeignIdentity_User', 
'mendixsso$foreignidentity_user', 
'fc7df4b5-f72f-4a0f-9b76-724c285b6bd1', 
'282e2e60-88a5-469d-84a5-ba8d9151644f', 
'mendixsso$foreignidentityid', 
'system$userid', 
'idx_mendixsso$foreignidentity_user_system$user_mendixsso$foreignidentity');
INSERT INTO "mendixsystem$unique_constraint" ("name", 
"table_id", 
"column_id")
 VALUES ('uniq_mendixsso$foreignidentity_user_mendixsso$foreignidentityid', 
'565e429c-bf44-4aa4-82bc-c9cd3ffaabc6', 
'96a2476f-e59d-3c40-9594-8256f5ec2691');
CREATE TABLE "mendixsso$mendixssouser" (
	"id" BIGINT NOT NULL,
	"avatarthumburl" VARCHAR_IGNORECASE(500) NULL,
	"avatarurl" VARCHAR_IGNORECASE(500) NULL,
	"displayname" VARCHAR_IGNORECASE(200) NULL,
	"emailaddress" VARCHAR_IGNORECASE(500) NULL,
	PRIMARY KEY("id"));
INSERT INTO "mendixsystem$entity" ("id", 
"entity_name", 
"table_name", 
"superentity_id")
 VALUES ('67333df2-8167-4e40-9304-22c7b64eaeb5', 
'MendixSSO.MendixSSOUser', 
'mendixsso$mendixssouser', 
'282e2e60-88a5-469d-84a5-ba8d9151644f');
INSERT INTO "mendixsystem$attribute" ("id", 
"entity_id", 
"attribute_name", 
"column_name", 
"type", 
"length", 
"default_value", 
"is_auto_number")
 VALUES ('e42cf9aa-6137-436b-8735-5e3cad7e4116', 
'67333df2-8167-4e40-9304-22c7b64eaeb5', 
'AvatarThumbURL', 
'avatarthumburl', 
30, 
500, 
'', 
false);
INSERT INTO "mendixsystem$attribute" ("id", 
"entity_id", 
"attribute_name", 
"column_name", 
"type", 
"length", 
"default_value", 
"is_auto_number")
 VALUES ('edd4c82c-ce15-4f01-a88e-79c4f894b751', 
'67333df2-8167-4e40-9304-22c7b64eaeb5', 
'AvatarURL', 
'avatarurl', 
30, 
500, 
'', 
false);
INSERT INTO "mendixsystem$attribute" ("id", 
"entity_id", 
"attribute_name", 
"column_name", 
"type", 
"length", 
"default_value", 
"is_auto_number")
 VALUES ('9912217c-fba8-43bf-b493-06b71fe1d58e', 
'67333df2-8167-4e40-9304-22c7b64eaeb5', 
'DisplayName', 
'displayname', 
30, 
200, 
'', 
false);
INSERT INTO "mendixsystem$attribute" ("id", 
"entity_id", 
"attribute_name", 
"column_name", 
"type", 
"length", 
"default_value", 
"is_auto_number")
 VALUES ('0005adaf-8a25-4532-92e9-9c9fb13008d6', 
'67333df2-8167-4e40-9304-22c7b64eaeb5', 
'EmailAddress', 
'emailaddress', 
30, 
500, 
'', 
false);
CREATE TABLE "mendixsso$authrequest" (
	"id" BIGINT NOT NULL,
	"nonce" VARCHAR_IGNORECASE(200) NULL,
	"continuation" VARCHAR_IGNORECASE(1000) NULL,
	"createddate" TIMESTAMP NULL,
	"state" VARCHAR_IGNORECASE(200) NULL,
	PRIMARY KEY("id"));
INSERT INTO "mendixsystem$entity" ("id", 
"entity_name", 
"table_name")
 VALUES ('8f31ebf2-dab0-4462-ae19-3a0937704a08', 
'MendixSSO.AuthRequest', 
'mendixsso$authrequest');
INSERT INTO "mendixsystem$attribute" ("id", 
"entity_id", 
"attribute_name", 
"column_name", 
"type", 
"length", 
"default_value", 
"is_auto_number")
 VALUES ('e1dc5162-5b44-4a14-bda7-96f69f5be298', 
'8f31ebf2-dab0-4462-ae19-3a0937704a08', 
'Nonce', 
'nonce', 
30, 
200, 
'', 
false);
INSERT INTO "mendixsystem$attribute" ("id", 
"entity_id", 
"attribute_name", 
"column_name", 
"type", 
"length", 
"default_value", 
"is_auto_number")
 VALUES ('4aef9b91-226d-4115-a44f-02d81e843a64', 
'8f31ebf2-dab0-4462-ae19-3a0937704a08', 
'Continuation', 
'continuation', 
30, 
1000, 
'', 
false);
INSERT INTO "mendixsystem$attribute" ("id", 
"entity_id", 
"attribute_name", 
"column_name", 
"type", 
"length", 
"default_value", 
"is_auto_number")
 VALUES ('479fd893-d298-3dc4-8517-036275c58fcf', 
'8f31ebf2-dab0-4462-ae19-3a0937704a08', 
'createdDate', 
'createddate', 
20, 
0, 
'', 
false);
INSERT INTO "mendixsystem$attribute" ("id", 
"entity_id", 
"attribute_name", 
"column_name", 
"type", 
"length", 
"default_value", 
"is_auto_number")
 VALUES ('1be2c1bc-35f1-4d3f-81fd-b2c482d55369', 
'8f31ebf2-dab0-4462-ae19-3a0937704a08', 
'State', 
'state', 
30, 
200, 
'', 
false);
CREATE TABLE "eventapplication$result_id" (
	"id" BIGINT NOT NULL,
	"changeddate" TIMESTAMP NULL,
	"createddate" TIMESTAMP NULL,
	"system$owner" BIGINT NULL,
	"system$changedby" BIGINT NULL,
	PRIMARY KEY("id"));
CREATE INDEX "idx_eventapplication$result_id_system$owner" ON "eventapplication$result_id" ("system$owner" ASC,"id" ASC);
CREATE INDEX "idx_eventapplication$result_id_system$changedby" ON "eventapplication$result_id" ("system$changedby" ASC,"id" ASC);
INSERT INTO "mendixsystem$entity" ("id", 
"entity_name", 
"table_name")
 VALUES ('5d274f37-bc54-484e-9aee-662e25221343', 
'EventApplication.Result_id', 
'eventapplication$result_id');
INSERT INTO "mendixsystem$attribute" ("id", 
"entity_id", 
"attribute_name", 
"column_name", 
"type", 
"length", 
"default_value", 
"is_auto_number")
 VALUES ('81793bb7-b252-3dff-94f3-4888c8b30fa0', 
'5d274f37-bc54-484e-9aee-662e25221343', 
'changedDate', 
'changeddate', 
20, 
0, 
'', 
false);
INSERT INTO "mendixsystem$attribute" ("id", 
"entity_id", 
"attribute_name", 
"column_name", 
"type", 
"length", 
"default_value", 
"is_auto_number")
 VALUES ('5365acd8-a76c-3e16-b077-6514a934e60c', 
'5d274f37-bc54-484e-9aee-662e25221343', 
'createdDate', 
'createddate', 
20, 
0, 
'', 
false);
INSERT INTO "mendixsystem$index" ("id", 
"table_id", 
"index_name")
 VALUES ('b2dba094-ae9c-39e9-8c50-2c800e16d047', 
'5d274f37-bc54-484e-9aee-662e25221343', 
'idx_eventapplication$result_id_system$owner');
INSERT INTO "mendixsystem$index_column" ("index_id", 
"column_id", 
"sort_order", 
"ordinal")
 VALUES ('b2dba094-ae9c-39e9-8c50-2c800e16d047', 
'e6c1a29f-3725-323b-9022-dffe77a88a5a', 
false, 
0);
INSERT INTO "mendixsystem$index" ("id", 
"table_id", 
"index_name")
 VALUES ('969678f5-9850-33ab-b9cd-671ef5842364', 
'5d274f37-bc54-484e-9aee-662e25221343', 
'idx_eventapplication$result_id_system$changedby');
INSERT INTO "mendixsystem$index_column" ("index_id", 
"column_id", 
"sort_order", 
"ordinal")
 VALUES ('969678f5-9850-33ab-b9cd-671ef5842364', 
'047428fb-74c9-3538-b052-4413236ba258', 
false, 
0);
INSERT INTO "mendixsystem$association" ("id", 
"association_name", 
"table_name", 
"parent_entity_id", 
"child_entity_id", 
"parent_column_name", 
"child_column_name")
 VALUES ('e6c1a29f-3725-323b-9022-dffe77a88a5a', 
'System.owner', 
'system$owner', 
'5d274f37-bc54-484e-9aee-662e25221343', 
'282e2e60-88a5-469d-84a5-ba8d9151644f', 
'id', 
'system$owner');
INSERT INTO "mendixsystem$association" ("id", 
"association_name", 
"table_name", 
"parent_entity_id", 
"child_entity_id", 
"parent_column_name", 
"child_column_name")
 VALUES ('047428fb-74c9-3538-b052-4413236ba258', 
'System.changedBy', 
'system$changedby', 
'5d274f37-bc54-484e-9aee-662e25221343', 
'282e2e60-88a5-469d-84a5-ba8d9151644f', 
'id', 
'system$changedby');
CREATE TABLE "mendixsso$token" (
	"id" BIGINT NOT NULL,
	"expiresin" INT NULL,
	"tokentype" VARCHAR_IGNORECASE(13) NULL,
	"createddate" TIMESTAMP NULL,
	"value" VARCHAR_IGNORECASE(2147483647) NULL,
	"expiresat" TIMESTAMP NULL,
	"sessionid" VARCHAR_IGNORECASE(200) NULL,
	PRIMARY KEY("id"));
INSERT INTO "mendixsystem$entity" ("id", 
"entity_name", 
"table_name")
 VALUES ('0879481d-3a78-43dc-b60c-f6e00e929a05', 
'MendixSSO.Token', 
'mendixsso$token');
INSERT INTO "mendixsystem$attribute" ("id", 
"entity_id", 
"attribute_name", 
"column_name", 
"type", 
"length", 
"default_value", 
"is_auto_number")
 VALUES ('b2ab8d2c-3c49-49e6-8ff4-9f9f47025f12', 
'0879481d-3a78-43dc-b60c-f6e00e929a05', 
'ExpiresIn', 
'expiresin', 
3, 
0, 
'0', 
false);
INSERT INTO "mendixsystem$attribute" ("id", 
"entity_id", 
"attribute_name", 
"column_name", 
"type", 
"length", 
"default_value", 
"is_auto_number")
 VALUES ('4fc4abf9-cb63-4652-a839-85d6e9c5afb7', 
'0879481d-3a78-43dc-b60c-f6e00e929a05', 
'TokenType', 
'tokentype', 
40, 
13, 
'', 
false);
INSERT INTO "mendixsystem$attribute" ("id", 
"entity_id", 
"attribute_name", 
"column_name", 
"type", 
"length", 
"default_value", 
"is_auto_number")
 VALUES ('603c5627-38b2-3c96-9c39-13ffa4c4744b', 
'0879481d-3a78-43dc-b60c-f6e00e929a05', 
'createdDate', 
'createddate', 
20, 
0, 
'', 
false);
INSERT INTO "mendixsystem$attribute" ("id", 
"entity_id", 
"attribute_name", 
"column_name", 
"type", 
"length", 
"default_value", 
"is_auto_number")
 VALUES ('a5ead40c-212d-48ea-a21b-87a0ea773312', 
'0879481d-3a78-43dc-b60c-f6e00e929a05', 
'Value', 
'value', 
30, 
0, 
'', 
false);
INSERT INTO "mendixsystem$attribute" ("id", 
"entity_id", 
"attribute_name", 
"column_name", 
"type", 
"length", 
"default_value", 
"is_auto_number")
 VALUES ('a6c53e75-81a7-4d6b-8938-814ecc10d167', 
'0879481d-3a78-43dc-b60c-f6e00e929a05', 
'ExpiresAt', 
'expiresat', 
20, 
0, 
'', 
false);
INSERT INTO "mendixsystem$attribute" ("id", 
"entity_id", 
"attribute_name", 
"column_name", 
"type", 
"length", 
"default_value", 
"is_auto_number")
 VALUES ('07cbe3c0-863f-4361-aef8-6ce681b37a70', 
'0879481d-3a78-43dc-b60c-f6e00e929a05', 
'SessionId', 
'sessionid', 
30, 
200, 
'', 
false);
CREATE TABLE "mendixsso$token_user" (
	"mendixsso$tokenid" BIGINT NOT NULL,
	"system$userid" BIGINT NOT NULL,
	PRIMARY KEY("mendixsso$tokenid","system$userid"),
	CONSTRAINT "uniq_mendixsso$token_user_mendixsso$tokenid" UNIQUE ("mendixsso$tokenid"));
CREATE INDEX "idx_mendixsso$token_user_system$user_mendixsso$token" ON "mendixsso$token_user" ("system$userid" ASC,"mendixsso$tokenid" ASC);
INSERT INTO "mendixsystem$association" ("id", 
"association_name", 
"table_name", 
"parent_entity_id", 
"child_entity_id", 
"parent_column_name", 
"child_column_name", 
"index_name")
 VALUES ('1db9810d-5eb2-4578-8146-0b41abcf50a0', 
'MendixSSO.Token_User', 
'mendixsso$token_user', 
'0879481d-3a78-43dc-b60c-f6e00e929a05', 
'282e2e60-88a5-469d-84a5-ba8d9151644f', 
'mendixsso$tokenid', 
'system$userid', 
'idx_mendixsso$token_user_system$user_mendixsso$token');
INSERT INTO "mendixsystem$unique_constraint" ("name", 
"table_id", 
"column_id")
 VALUES ('uniq_mendixsso$token_user_mendixsso$tokenid', 
'1db9810d-5eb2-4578-8146-0b41abcf50a0', 
'ac8dadbc-f161-3e1f-8251-8e99874c18ea');
CREATE TABLE "eventapplication$result" (
	"id" BIGINT NOT NULL,
	"mark_obtained" VARCHAR_IGNORECASE(2147483647) NULL,
	"changeddate" TIMESTAMP NULL,
	"createddate" TIMESTAMP NULL,
	"grade" VARCHAR_IGNORECASE(2147483647) NULL,
	"total_mark" VARCHAR_IGNORECASE(2147483647) NULL,
	"subject" VARCHAR_IGNORECASE(2147483647) NULL,
	"system$owner" BIGINT NULL,
	"system$changedby" BIGINT NULL,
	PRIMARY KEY("id"));
CREATE INDEX "idx_eventapplication$result_system$owner" ON "eventapplication$result" ("system$owner" ASC,"id" ASC);
CREATE INDEX "idx_eventapplication$result_system$changedby" ON "eventapplication$result" ("system$changedby" ASC,"id" ASC);
INSERT INTO "mendixsystem$entity" ("id", 
"entity_name", 
"table_name")
 VALUES ('cbd5f28c-099f-4314-80e6-68c5823864a5', 
'EventApplication.Result', 
'eventapplication$result');
INSERT INTO "mendixsystem$attribute" ("id", 
"entity_id", 
"attribute_name", 
"column_name", 
"type", 
"length", 
"default_value", 
"is_auto_number")
 VALUES ('4b0e3425-5ab1-42a8-84d5-9702a64bbf03', 
'cbd5f28c-099f-4314-80e6-68c5823864a5', 
'Mark_obtained', 
'mark_obtained', 
30, 
0, 
'', 
false);
INSERT INTO "mendixsystem$attribute" ("id", 
"entity_id", 
"attribute_name", 
"column_name", 
"type", 
"length", 
"default_value", 
"is_auto_number")
 VALUES ('1675c5cf-60b5-39de-884d-ba679be9febb', 
'cbd5f28c-099f-4314-80e6-68c5823864a5', 
'changedDate', 
'changeddate', 
20, 
0, 
'', 
false);
INSERT INTO "mendixsystem$attribute" ("id", 
"entity_id", 
"attribute_name", 
"column_name", 
"type", 
"length", 
"default_value", 
"is_auto_number")
 VALUES ('598f4539-95ab-330f-b995-743b2bcd48cb', 
'cbd5f28c-099f-4314-80e6-68c5823864a5', 
'createdDate', 
'createddate', 
20, 
0, 
'', 
false);
INSERT INTO "mendixsystem$attribute" ("id", 
"entity_id", 
"attribute_name", 
"column_name", 
"type", 
"length", 
"default_value", 
"is_auto_number")
 VALUES ('f2b10333-ab45-4f5c-a575-cf738dc97555', 
'cbd5f28c-099f-4314-80e6-68c5823864a5', 
'Grade', 
'grade', 
30, 
0, 
'', 
false);
INSERT INTO "mendixsystem$attribute" ("id", 
"entity_id", 
"attribute_name", 
"column_name", 
"type", 
"length", 
"default_value", 
"is_auto_number")
 VALUES ('4094a5fc-0ec5-4489-866f-6d3d6028e2d7', 
'cbd5f28c-099f-4314-80e6-68c5823864a5', 
'Total_Mark', 
'total_mark', 
30, 
0, 
'', 
false);
INSERT INTO "mendixsystem$attribute" ("id", 
"entity_id", 
"attribute_name", 
"column_name", 
"type", 
"length", 
"default_value", 
"is_auto_number")
 VALUES ('78555906-1e5f-4961-bcf3-14127d78a846', 
'cbd5f28c-099f-4314-80e6-68c5823864a5', 
'Subject', 
'subject', 
30, 
0, 
'', 
false);
INSERT INTO "mendixsystem$index" ("id", 
"table_id", 
"index_name")
 VALUES ('1834a724-7411-396b-86b9-02d330972bf4', 
'cbd5f28c-099f-4314-80e6-68c5823864a5', 
'idx_eventapplication$result_system$owner');
INSERT INTO "mendixsystem$index_column" ("index_id", 
"column_id", 
"sort_order", 
"ordinal")
 VALUES ('1834a724-7411-396b-86b9-02d330972bf4', 
'7320d6cf-5d88-380b-8dba-ef8cb7498277', 
false, 
0);
INSERT INTO "mendixsystem$index" ("id", 
"table_id", 
"index_name")
 VALUES ('2e8dfa8a-9ead-34bc-acd1-57a9ab4341c1', 
'cbd5f28c-099f-4314-80e6-68c5823864a5', 
'idx_eventapplication$result_system$changedby');
INSERT INTO "mendixsystem$index_column" ("index_id", 
"column_id", 
"sort_order", 
"ordinal")
 VALUES ('2e8dfa8a-9ead-34bc-acd1-57a9ab4341c1', 
'dfc5fb09-cbc9-38ca-b7bb-1a0a7f732f7c', 
false, 
0);
INSERT INTO "mendixsystem$association" ("id", 
"association_name", 
"table_name", 
"parent_entity_id", 
"child_entity_id", 
"parent_column_name", 
"child_column_name")
 VALUES ('7320d6cf-5d88-380b-8dba-ef8cb7498277', 
'System.owner', 
'system$owner', 
'cbd5f28c-099f-4314-80e6-68c5823864a5', 
'282e2e60-88a5-469d-84a5-ba8d9151644f', 
'id', 
'system$owner');
INSERT INTO "mendixsystem$association" ("id", 
"association_name", 
"table_name", 
"parent_entity_id", 
"child_entity_id", 
"parent_column_name", 
"child_column_name")
 VALUES ('dfc5fb09-cbc9-38ca-b7bb-1a0a7f732f7c', 
'System.changedBy', 
'system$changedby', 
'cbd5f28c-099f-4314-80e6-68c5823864a5', 
'282e2e60-88a5-469d-84a5-ba8d9151644f', 
'id', 
'system$changedby');
UPDATE "mendixsystem$version"
 SET "versionnumber" = '4.2', 
"lastsyncdate" = '20200122 15:59:17';
